file,where,kind,english,hindi,santali
"lang_sat.mp3","Language picker","Say the language name","Santali","संताली (ᱥᱟᱱᱛᱟᱲᱤ)",""
"lang_hi.mp3","Language picker","Say the language name","Hindi","हिन्दी",""
"lang_en.mp3","Language picker","Say the language name","English","अंग्रेज़ी (English)",""
"conveyor-loto_s1_intro.mp3","Conveyor jam: lock-out / tag-out · step s1","Situation","The conveyor belt is jammed with rock. You have to clear it.","कन्वेयर बेल्ट में पत्थर फँस गया है। आपको उसे साफ़ करना है।",""
"conveyor-loto_s2_q.mp3","Conveyor jam: lock-out / tag-out · step s2","Question / instruction","What do you do first?","आप सबसे पहले क्या करेंगे?",""
"conveyor-loto_s2_opt_reach.mp3","Conveyor jam: lock-out / tag-out · step s2","Option (heard on first tap)","Reach in and pull the rock out","हाथ डालकर पत्थर निकालें",""
"conveyor-loto_s2_fb_reach.mp3","Conveyor jam: lock-out / tag-out · step s2","Feedback: CRITICAL mistake","Never reach into a machine that has power. The belt can start at any moment.","चालू मशीन में कभी हाथ न डालें। बेल्ट कभी भी चल सकती है।",""
"conveyor-loto_s2_opt_kick.mp3","Conveyor jam: lock-out / tag-out · step s2","Option (heard on first tap)","Kick the rock loose while it runs","चलती बेल्ट पर लात मारकर पत्थर हटाएँ",""
"conveyor-loto_s2_fb_kick.mp3","Conveyor jam: lock-out / tag-out · step s2","Feedback: wrong choice","Stay away from moving parts. Stop the machine first.","चलते हिस्सों से दूर रहें। पहले मशीन बंद करें।",""
"conveyor-loto_s2_opt_stop.mp3","Conveyor jam: lock-out / tag-out · step s2","Option (heard on first tap)","Stop the conveyor and tell the supervisor","कन्वेयर बंद करें और सुपरवाइज़र को बताएँ",""
"conveyor-loto_s3_q.mp3","Conveyor jam: lock-out / tag-out · step s3","Question / instruction","How do you make sure nobody can start it?","आप कैसे पक्का करेंगे कि कोई इसे चालू न कर सके?",""
"conveyor-loto_s3_opt_button.mp3","Conveyor jam: lock-out / tag-out · step s3","Option (heard on first tap)","Only press the stop button","सिर्फ़ स्टॉप बटन दबाएँ",""
"conveyor-loto_s3_fb_button.mp3","Conveyor jam: lock-out / tag-out · step s3","Feedback: wrong choice","Anyone can press start again. Isolate the power and lock it.","कोई भी फिर से स्टार्ट दबा सकता है। बिजली अलग करें और ताला लगाएँ।",""
"conveyor-loto_s3_opt_lock.mp3","Conveyor jam: lock-out / tag-out · step s3","Option (heard on first tap)","Switch off the isolator, add your own lock and tag","आइसोलेटर बंद करें, अपना ताला और टैग लगाएँ",""
"conveyor-loto_s3_opt_watch.mp3","Conveyor jam: lock-out / tag-out · step s3","Option (heard on first tap)","Ask a friend to watch the switch","किसी साथी से स्विच पर नज़र रखने को कहें",""
"conveyor-loto_s3_fb_watch.mp3","Conveyor jam: lock-out / tag-out · step s3","Feedback: wrong choice","A person is not a lock. Use your own padlock and tag.","इंसान ताला नहीं होता। अपना ताला और टैग लगाएँ।",""
"conveyor-loto_s4_q.mp3","Conveyor jam: lock-out / tag-out · step s4","Question / instruction","Before you clear the jam, what must you do?","जाम साफ़ करने से पहले आपको क्या करना चाहिए?",""
"conveyor-loto_s4_opt_assume.mp3","Conveyor jam: lock-out / tag-out · step s4","Option (heard on first tap)","Assume it is safe now","मान लें कि अब सुरक्षित है",""
"conveyor-loto_s4_fb_assume.mp3","Conveyor jam: lock-out / tag-out · step s4","Feedback: CRITICAL mistake","Never assume. Always prove the machine cannot start.","कभी अंदाज़ा न लगाएँ। हमेशा जाँचें कि मशीन चालू नहीं हो सकती।",""
"conveyor-loto_s4_opt_ask.mp3","Conveyor jam: lock-out / tag-out · step s4","Option (heard on first tap)","Ask the operator if it is off","ऑपरेटर से पूछें कि बंद है या नहीं",""
"conveyor-loto_s4_fb_ask.mp3","Conveyor jam: lock-out / tag-out · step s4","Feedback: wrong choice","Check for yourself. Do not rely on someone's word.","खुद जाँचें। किसी की बात पर भरोसा न करें।",""
"conveyor-loto_s4_opt_test.mp3","Conveyor jam: lock-out / tag-out · step s4","Option (heard on first tap)","Try to start it and see that nothing moves","चालू करके देखें कि कुछ नहीं चलता",""
"conveyor-loto_s5_q.mp3","Conveyor jam: lock-out / tag-out · step s5","Question / instruction","Lock out and tag out, in the right order.","सही क्रम में लॉक-आउट और टैग-आउट करें।",""
"conveyor-loto_s5_isolate.mp3","Conveyor jam: lock-out / tag-out · step s5","Action part (heard when done)","Switch off the isolator","आइसोलेटर बंद करें",""
"conveyor-loto_s5_lock.mp3","Conveyor jam: lock-out / tag-out · step s5","Action part (heard when done)","Put on your own lock","अपना ताला लगाएँ",""
"conveyor-loto_s5_tag.mp3","Conveyor jam: lock-out / tag-out · step s5","Action part (heard when done)","Attach your tag","अपना टैग लगाएँ",""
"conveyor-loto_s5_test.mp3","Conveyor jam: lock-out / tag-out · step s5","Action part (heard when done)","Try to start: nothing moves","चालू करके देखें: कुछ नहीं चलता",""
"fire-panel_s1_intro.mp3","Electrical panel fire · step s1","Situation","A fire has started in the electrical panel. Sparks and smoke are coming out.","बिजली के पैनल में आग लग गई है। चिंगारियाँ और धुआँ निकल रहा है।",""
"fire-panel_s2_q.mp3","Electrical panel fire · step s2","Question / instruction","What do you do first?","आप सबसे पहले क्या करेंगे?",""
"fire-panel_s2_opt_water.mp3","Electrical panel fire · step s2","Option (heard on first tap)","Throw water","पानी डालें",""
"fire-panel_s2_fb_water.mp3","Electrical panel fire · step s2","Feedback: CRITICAL mistake","Water conducts electricity. Throwing it on a live panel can electrocute you.","पानी बिजली का संचालन करता है। चालू पैनल पर पानी डालने से करंट लग सकता है।",""
"fire-panel_s2_opt_run.mp3","Electrical panel fire · step s2","Option (heard on first tap)","Run away","भाग जाएँ",""
"fire-panel_s2_fb_run.mp3","Electrical panel fire · step s2","Feedback: wrong choice","Running away lets the fire spread and leaves others in danger. Raise the alarm first.","भाग जाने से आग फैलती है और दूसरे खतरे में रहते हैं। पहले अलार्म बजाएँ।",""
"fire-panel_s2_opt_alarm.mp3","Electrical panel fire · step s2","Option (heard on first tap)","Raise the alarm","अलार्म बजाएँ",""
"fire-panel_s3_q.mp3","Electrical panel fire · step s3","Question / instruction","Use the CO₂ extinguisher. Follow P-A-S-S in order.","CO₂ अग्निशामक इस्तेमाल करें। पास (P-A-S-S) क्रम से करें।",""
"fire-panel_s3_pull.mp3","Electrical panel fire · step s3","Action part (heard when done)","Pull the pin","पिन खींचें",""
"fire-panel_s3_aim.mp3","Electrical panel fire · step s3","Action part (heard when done)","Aim at the base of the fire","आग के आधार पर निशाना लगाएँ",""
"fire-panel_s3_squeeze.mp3","Electrical panel fire · step s3","Action part (heard when done)","Squeeze the handle","हैंडल दबाएँ",""
"fire-panel_s3_sweep.mp3","Electrical panel fire · step s3","Action part (heard when done)","Sweep side to side","दाएँ-बाएँ घुमाएँ",""
